Denumire linie,Cod linie,Amplasament,Tip linie,Echipament principal,Capabilitati,Alergeni prelucrati pe linie,Gramaj minim (g),Gramaj maxim (g),Latime banda (mm),Viteza nominala (buc/h),Timp schimb sortiment (min),Tarif orar,Pierdere tehnologica implicita (%),Prag de supraincarcare,Activa
,L01,,,,,,,,,,120,,3,6,Da
,L02,,,,,,,,,,120,,3,6,Da
,L03,,,,,,,,,,120,,3,6,Da
,L04,,,,,,,,,,120,,3,6,Da
,L05,,,,,,,,,,120,,3,6,Da
,L06,,,,,,,,,,120,,3,6,Da
,L07,,,,,,,,,,120,,3,6,Da
,L08,,,,,,,,,,120,,3,6,Da
,L09,,,,,,,,,,120,,3,6,Da
